student_id,first_name,last_name,student_program,student_email
,Dory,Bowdler,Grocery,dbowdler0@hhs.gov
,Alard,Siegertsz,Shoes,asiegertsz1@ucoz.ru
,Lay,Dance,Industrial,ldance2@123-reg.co.uk
,Austin,Lant,Toys,alant3@cbc.ca
,Quinlan,Sturgis,Clothing,qsturgis4@quantcast.com
,Fey,Boulder,Garden,fboulder5@scientificamerican.com
,Buiron,Morfett,Automotive,bmorfett6@imageshack.us
,Carlynne,Dymidowicz,Sports,cdymidowicz7@youku.com
,Nichole,Beedle,Tools,nbeedle8@newyorker.com
,Ian,McGinty,Tools,imcginty9@salon.com
,Bride,Iredale,Home,biredalea@huffingtonpost.com
,Aretha,Manoelli,Books,amanoellib@economist.com
,Ban,Carne,Home,bcarnec@un.org
,Vania,Cooney,Sports,vcooneyd@auda.org.au
,Jerome,Barthod,Beauty,jbarthode@trellian.com
,Fitz,Whiten,Jewelery,fwhitenf@imgur.com
,Nonnah,Stuckey,Music,nstuckeyg@altervista.org
,Konstantine,Antrim,Computers,kantrimh@wufoo.com
,Elinore,Pitone,Sports,epitonei@wordpress.com
,Rona,Collier,Toys,rcollierj@slate.com
,Merv,Hovard,Tools,mhovardk@geocities.com
,Teddie,Sayers,Toys,tsayersl@hostgator.com
,Iggy,Illston,Industrial,iillstonm@reuters.com
,Kaspar,Sacks,Industrial,ksacksn@sogou.com
,Thaddus,Luno,Home,tlunoo@bbb.org
,Doralynn,Russam,Electronics,drussamp@ox.ac.uk
,Filmer,Peake,Kids,fpeakeq@alexa.com
,Giana,Flode,Sports,gfloder@cisco.com
,Lionello,Mulrenan,Tools,lmulrenans@cmu.edu
,Dion,Theobald,Music,dtheobaldt@rambler.ru
,Susan,Eddow,Electronics,seddowu@hp.com
,Bobina,Croxton,Games,bcroxtonv@washington.edu
,Ludovico,Belham,Music,lbelhamw@java.com
,Tarra,Groome,Baby,tgroomex@amazon.com
,Maribel,Gandar,Outdoors,mgandary@example.com
,Pavel,Windeatt,Home,pwindeattz@google.co.uk
,Matthaeus,Darnody,Beauty,mdarnody10@is.gd
,Cesare,Mathwin,Baby,cmathwin11@wordpress.org
,Aggi,Parradye,Outdoors,aparradye12@nature.com
,Harris,Whight,Outdoors,hwhight13@php.net
,Antonietta,McCrum,Automotive,amccrum14@myspace.com
,Stanislas,Christon,Home,schriston15@gmpg.org
,Erhart,Monks,Movies,emonks16@timesonline.co.uk
,Hube,Gurko,Toys,hgurko17@google.com
,Priscella,Barnson,Baby,pbarnson18@scientificamerican.com
,Staffard,Reiling,Industrial,sreiling19@free.fr
,Silvan,Fullylove,Toys,sfullylove1a@shareasale.com
,Lawrence,Swaby,Automotive,lswaby1b@fda.gov
,Lyndy,Fibbitts,Books,lfibbitts1c@shinystat.com
,Taryn,Fley,Toys,tfley1d@acquirethisname.com
,Clarabelle,Blacksell,Toys,cblacksell1e@loc.gov
,Eyde,Bortolomei,Games,ebortolomei1f@lulu.com
,Tate,Lissandrini,Automotive,tlissandrini1g@amazon.co.jp
,Valina,Demangeon,Sports,vdemangeon1h@google.es
,Maurizia,Di Meo,Electronics,mdimeo1i@pbs.org
,Bridget,Trevance,Industrial,btrevance1j@narod.ru
,Renate,Hentzer,Music,rhentzer1k@cisco.com
,Patten,Pierrepont,Jewelery,ppierrepont1l@drupal.org
,Layney,Canti,Health,lcanti1m@apache.org
,Ashley,Farden,Toys,afarden1n@ask.com
,Ferdinande,Sizeland,Clothing,fsizeland1o@globo.com
,Hal,Karolovsky,Baby,hkarolovsky1p@hhs.gov
,Charlie,Airs,Beauty,cairs1q@gnu.org
,Aldridge,Sheddan,Health,asheddan1r@senate.gov
,Maurits,Izakovitz,Industrial,mizakovitz1s@forbes.com
,Arlee,Penvarden,Garden,apenvarden1t@bizjournals.com
,Siward,Awmack,Sports,sawmack1u@furl.net
,Carmela,Tremblet,Home,ctremblet1v@wix.com
,Judi,Padgett,Industrial,jpadgett1w@indiegogo.com
,Allix,Hail,Kids,ahail1x@youku.com
,Minerva,Stogill,Health,mstogill1y@google.es
,Arleta,Latour,Toys,alatour1z@booking.com
,Upton,Darmody,Home,udarmody20@buzzfeed.com
,Ibbie,Goulter,Home,igoulter21@narod.ru
,Tadeas,Laxson,Movies,tlaxson22@sitemeter.com
,Anabella,Spillane,Grocery,aspillane23@eepurl.com
,Klemens,Whiff,Health,kwhiff24@rambler.ru
,Walther,Chittim,Automotive,wchittim25@seattletimes.com
,Llywellyn,Toulmin,Books,ltoulmin26@cam.ac.uk
,Barnaby,Peschet,Home,bpeschet27@redcross.org
,Meridith,Ciccottini,Grocery,mciccottini28@t-online.de
,Casey,Askam,Kids,caskam29@bluehost.com
,Gun,Zavattieri,Music,gzavattieri2a@bandcamp.com
,Inger,Garrad,Computers,igarrad2b@netlog.com
,Adaline,Neasham,Electronics,aneasham2c@theguardian.com
,Pauly,Batts,Garden,pbatts2d@google.fr
,Jerrie,Garrod,Kids,jgarrod2e@sakura.ne.jp
,Randie,Gerrad,Grocery,rgerrad2f@cyberchimps.com
,Terrie,Yarrow,Movies,tyarrow2g@squarespace.com
,Desiree,Baelde,Books,dbaelde2h@nifty.com
,Tabbitha,Hallam,Industrial,thallam2i@exblog.jp
,Pauline,Ormistone,Books,pormistone2j@microsoft.com
,Nellie,Agnew,Games,nagnew2k@ucla.edu
,Corabel,Biggin,Grocery,cbiggin2l@purevolume.com
,Keely,Mooreed,Toys,kmooreed2m@blinklist.com
,Fabian,Thrower,Toys,fthrower2n@networksolutions.com
,Jacquie,De Hoogh,Grocery,jdehoogh2o@scientificamerican.com
,Tomi,Dicte,Movies,tdicte2p@google.com
,Hayden,Nicholas,Garden,hnicholas2q@home.pl
,Matilda,Dormer,Industrial,mdormer2r@cnn.com
,Howard,Leopard,Health,hleopard2s@tinypic.com
,Rosa,Sivewright,Shoes,rsivewright2t@wunderground.com
,Rosalind,Baughn,Home,rbaughn2u@archive.org
,Tommy,Deddum,Beauty,tdeddum2v@people.com.cn
,Federica,McCloud,Outdoors,fmccloud2w@google.com.hk
,Giulio,MacColgan,Toys,gmaccolgan2x@europa.eu
,Tobiah,Trustey,Automotive,ttrustey2y@kickstarter.com
,Germaine,Scutt,Garden,gscutt2z@auda.org.au
,Kiley,Filisov,Outdoors,kfilisov30@addthis.com
,Kirsti,Monier,Grocery,kmonier31@sfgate.com
,Roth,Sallenger,Clothing,rsallenger32@timesonline.co.uk
,Ilyssa,Dyerson,Kids,idyerson33@chronoengine.com
,Alaric,Scurrell,Toys,ascurrell34@4shared.com
,Rab,Kimbley,Health,rkimbley35@vistaprint.com
,Lavina,Stoade,Beauty,lstoade36@gov.uk
,Suzanna,Bolderoe,Computers,sbolderoe37@census.gov
,Benita,Karpets,Baby,bkarpets38@purevolume.com
,Michal,Coryndon,Baby,mcoryndon39@quantcast.com
,Godfree,Bredgeland,Sports,gbredgeland3a@networksolutions.com
,Kristy,Adame,Grocery,kadame3b@engadget.com
,Karlan,Peacock,Grocery,kpeacock3c@wisc.edu
,Hamel,Stotherfield,Automotive,hstotherfield3d@desdev.cn
,Sebastiano,Maffey,Clothing,smaffey3e@fastcompany.com
,Noland,Chicken,Home,nchicken3f@vk.com
,Andrew,McKinna,Books,amckinna3g@angelfire.com
,Griselda,Jevon,Jewelery,gjevon3h@wordpress.org
,Rasia,Qualtrough,Automotive,rqualtrough3i@marketwatch.com
,Fowler,Rodgers,Shoes,frodgers3j@dmoz.org
,Isidro,Milby,Industrial,imilby3k@163.com
,Kittie,Hyndes,Kids,khyndes3l@homestead.com
,Elsey,Argrave,Industrial,eargrave3m@marketwatch.com
,Jenni,Doumer,Garden,jdoumer3n@nationalgeographic.com
,Larina,Gaine,Games,lgaine3o@ed.gov
,Merrilee,Chasteney,Beauty,mchasteney3p@miibeian.gov.cn
,Tobe,Trebble,Beauty,ttrebble3q@odnoklassniki.ru
,Gussie,Macken,Clothing,gmacken3r@baidu.com
,Maisie,Errigo,Baby,merrigo3s@cpanel.net
,Theresa,Cambden,Toys,tcambden3t@spiegel.de
,Luisa,Oliveti,Kids,loliveti3u@woothemes.com
,Boony,Hasnney,Sports,bhasnney3v@flickr.com
,Gay,Coltherd,Movies,gcoltherd3w@opera.com
,Arne,Hanbury-Brown,Toys,ahanburybrown3x@cbslocal.com
,Janine,Izod,Grocery,jizod3y@home.pl
,Idalia,Rosenkrantz,Kids,irosenkrantz3z@themeforest.net
,Drusy,Buxton,Sports,dbuxton40@nih.gov
,Rick,Plumer,Music,rplumer41@scribd.com
,Allix,Drage,Computers,adrage42@weibo.com
,Rolf,Rashleigh,Computers,rrashleigh43@pbs.org
,Billie,Arrell,Outdoors,barrell44@qq.com
,Duffy,Dobbie,Outdoors,ddobbie45@mayoclinic.com
,Bancroft,Avrashin,Kids,bavrashin46@abc.net.au
,Carlynn,Ridehalgh,Home,cridehalgh47@vkontakte.ru
,Stanly,Yates,Electronics,syates48@nba.com
,Juline,Paskell,Tools,jpaskell49@sun.com
,Kylie,Durbann,Home,kdurbann4a@bizjournals.com
,Sheeree,Falkner,Garden,sfalkner4b@wordpress.com
,Jack,Rannigan,Shoes,jrannigan4c@shinystat.com
,Alix,Laudham,Home,alaudham4d@oaic.gov.au
,Lannie,Stonbridge,Beauty,lstonbridge4e@mediafire.com
,Douglass,Rivalant,Movies,drivalant4f@nyu.edu
,Rafaello,Pidgley,Shoes,rpidgley4g@themeforest.net
,Juanita,Rookeby,Shoes,jrookeby4h@sogou.com
,Cointon,Rene,Automotive,crene4i@jiathis.com
,Chelsy,Craze,Shoes,ccraze4j@google.de
,James,Goodier,Movies,jgoodier4k@ihg.com
,Karly,Floodgate,Jewelery,kfloodgate4l@home.pl
,Rabi,Agostini,Industrial,ragostini4m@zdnet.com
,Inez,Hutson,Industrial,ihutson4n@yahoo.co.jp
,Abbe,Mantrup,Baby,amantrup4o@linkedin.com
,Vonnie,Joyes,Clothing,vjoyes4p@nps.gov
,Haroun,De Mars,Baby,hdemars4q@wordpress.com
,Joye,Blowne,Tools,jblowne4r@barnesandnoble.com
,Prudence,Videan,Games,pvidean4s@senate.gov
,Laraine,Maffin,Clothing,lmaffin4t@csmonitor.com
,Kaylil,Kloster,Baby,kkloster4u@seattletimes.com
,Noah,Reffe,Movies,nreffe4v@istockphoto.com
,Marnie,Sharville,Health,msharville4w@canalblog.com
,Natty,Goulborn,Outdoors,ngoulborn4x@bloomberg.com
,Georgy,Edbrooke,Movies,gedbrooke4y@fema.gov
,Annabella,Test,Games,atest4z@blogspot.com
,Marleen,Lazenby,Health,mlazenby50@dailymail.co.uk
,Mellisent,Blakeley,Toys,mblakeley51@ox.ac.uk
,Colas,Hissett,Baby,chissett52@toplist.cz
,Freda,Deelay,Garden,fdeelay53@patch.com
,Neils,Aslen,Games,naslen54@ucoz.com
,Turner,Gilbert,Clothing,tgilbert55@4shared.com
,Jemima,MacEntee,Health,jmacentee56@oaic.gov.au
,Aldo,Uttley,Sports,auttley57@smugmug.com
,Quinn,Goodsir,Shoes,qgoodsir58@bbc.co.uk
,Sada,Smogur,Baby,ssmogur59@multiply.com
,Todd,Grealey,Jewelery,tgrealey5a@jugem.jp
,Nettle,Havock,Kids,nhavock5b@tiny.cc
,Ario,Torbeck,Computers,atorbeck5c@mapy.cz
,Silvano,Mosdell,Tools,smosdell5d@abc.net.au
,Cameron,Jurick,Industrial,cjurick5e@va.gov
,Royall,Knightsbridge,Beauty,rknightsbridge5f@huffingtonpost.com
,Jens,Le Provest,Automotive,jleprovest5g@purevolume.com
,Dorisa,Olsen,Shoes,dolsen5h@home.pl
,Yorgo,Von Brook,Industrial,yvonbrook5i@mashable.com
,Alon,Lording,Toys,alording5j@storify.com
,Duncan,Strode,Kids,dstrode5k@hugedomains.com
,Larissa,Adamson,Tools,ladamson5l@symantec.com
,Daffie,Schneidau,Tools,dschneidau5m@yelp.com
,Lishe,Thyng,Electronics,lthyng5n@1und1.de
,Robinett,Sultana,Outdoors,rsultana5o@businessweek.com
,Irina,Kroin,Health,ikroin5p@oakley.com
,Carmine,Drinkhall,Outdoors,cdrinkhall5q@seesaa.net
,Clementius,Sibly,Tools,csibly5r@networkadvertising.org
,Clerkclaude,Barszczewski,Tools,cbarszczewski5s@wp.com
,Clint,Wildblood,Jewelery,cwildblood5t@admin.ch
,Patti,Piotrkowski,Toys,ppiotrkowski5u@prweb.com
,Harold,Benjamin,Automotive,hbenjamin5v@friendfeed.com
,Vince,Issacof,Garden,vissacof5w@a8.net
,Thibaut,Abbott,Grocery,tabbott5x@networkadvertising.org
,Darn,Tydd,Baby,dtydd5y@imgur.com
,Gannie,Shout,Grocery,gshout5z@google.nl
,Kim,Doge,Tools,kdoge60@com.com
,Wallie,Esgate,Kids,wesgate61@nsw.gov.au
,Adolf,Girdlestone,Industrial,agirdlestone62@theguardian.com
,Harald,Monery,Movies,hmonery63@comsenz.com
,Zorana,Hannen,Movies,zhannen64@jugem.jp
,Paul,Newcomen,Garden,pnewcomen65@rakuten.co.jp
,Mauricio,Barthrop,Home,mbarthrop66@blogger.com
,Rosco,Boagey,Books,rboagey67@creativecommons.org
,Lee,Edgar,Health,ledgar68@sakura.ne.jp
,Devan,Lideard,Computers,dlideard69@paginegialle.it
,Sydel,Cater,Beauty,scater6a@creativecommons.org
,Luz,Petrovykh,Sports,lpetrovykh6b@trellian.com
,Alasdair,Mathewes,Baby,amathewes6c@weebly.com
,Correy,Aspell,Toys,caspell6d@chron.com
,Dianne,Vasichev,Industrial,dvasichev6e@intel.com
,Courtney,Kabsch,Computers,ckabsch6f@nasa.gov
,Bamby,Swinfon,Movies,bswinfon6g@sun.com
,Alicia,Gittis,Grocery,agittis6h@seattletimes.com
,Perren,Tewelson,Games,ptewelson6i@blogtalkradio.com
,Kory,Damerell,Toys,kdamerell6j@reverbnation.com
,Forest,Brenton,Automotive,fbrenton6k@chron.com
,Maritsa,Hilbourne,Shoes,mhilbourne6l@wordpress.com
,Martin,Minigo,Clothing,mminigo6m@mediafire.com
,Isak,Schild,Computers,ischild6n@myspace.com
,Rozalin,McCromley,Shoes,rmccromley6o@dmoz.org
,Miltie,Hallatt,Automotive,mhallatt6p@google.fr
,Analiese,Starr,Books,astarr6q@over-blog.com
,Derk,Kerrod,Health,dkerrod6r@jalbum.net
,Brody,Falconer,Baby,bfalconer6s@va.gov
,Pavla,Noblet,Kids,pnoblet6t@bluehost.com
,Fedora,Riordan,Clothing,friordan6u@dot.gov
,Lewiss,Glazyer,Health,lglazyer6v@edublogs.org
,Bale,Butter,Shoes,bbutter6w@eepurl.com
,Tomkin,Babb,Outdoors,tbabb6x@woothemes.com
,Carson,Graine,Electronics,cgraine6y@twitter.com
,Hagan,Kordovani,Beauty,hkordovani6z@youtube.com
,Libbi,Leppingwell,Toys,lleppingwell70@pinterest.com
,Tomlin,Juszkiewicz,Sports,tjuszkiewicz71@furl.net
,Anissa,O'Hare,Beauty,aohare72@hexun.com
,Bud,Gethings,Home,bgethings73@boston.com
,Jessey,MacClancey,Movies,jmacclancey74@ca.gov
,Moria,Burnel,Games,mburnel75@pbs.org
,Sherrie,Rossin,Movies,srossin76@netscape.com
,Gerrilee,Dax,Electronics,gdax77@admin.ch
,Conny,Julyan,Music,cjulyan78@geocities.com
,Basilio,Claridge,Computers,bclaridge79@amazonaws.com
,Beniamino,Howson,Electronics,bhowson7a@myspace.com
,Wake,Allcott,Movies,wallcott7b@imageshack.us
,Ellwood,Tesyro,Movies,etesyro7c@webnode.com
,Rainer,Dullingham,Movies,rdullingham7d@histats.com
,Dane,Koba,Books,dkoba7e@parallels.com
,Brander,Thurman,Jewelery,bthurman7f@phpbb.com
,Archie,Freddi,Movies,afreddi7g@comcast.net
,Woody,Jent,Sports,wjent7h@nasa.gov
,Cherice,Satterly,Games,csatterly7i@yelp.com
,Claire,Rowley,Tools,crowley7j@springer.com
,Reggie,Fisbey,Industrial,rfisbey7k@flickr.com
,Spike,Dwine,Home,sdwine7l@wired.com
,Reube,Antoniutti,Automotive,rantoniutti7m@merriam-webster.com
,Jackson,Kener,Movies,jkener7n@reuters.com
,Clarette,Cisson,Music,ccisson7o@ucoz.com
,Lari,Binnell,Outdoors,lbinnell7p@sitemeter.com
,Mommy,Ghidetti,Kids,mghidetti7q@amazon.co.uk
,Martino,Mummery,Clothing,mmummery7r@fastcompany.com
,Oren,Klagge,Garden,oklagge7s@delicious.com
,Lenore,Geekie,Kids,lgeekie7t@jiathis.com
,Brena,Warbey,Sports,bwarbey7u@homestead.com
,Marabel,Kingsnorth,Tools,mkingsnorth7v@google.cn
,Herbert,Sharnock,Health,hsharnock7w@globo.com
,Sheilakathryn,Conyer,Computers,sconyer7x@google.com.hk
,Leonid,Gloves,Industrial,lgloves7y@weibo.com
,Rasla,Aisbett,Outdoors,raisbett7z@weather.com
,Roarke,Yersin,Baby,ryersin80@bloglovin.com
,Milton,Bodimeade,Beauty,mbodimeade81@sakura.ne.jp
,Conrado,Dyott,Home,cdyott82@rediff.com
,Waldemar,Sandry,Automotive,wsandry83@economist.com
,Pinchas,Maior,Kids,pmaior84@slashdot.org
,Mahalia,Iliff,Automotive,miliff85@marketwatch.com
,Jenda,Fawson,Automotive,jfawson86@businesswire.com
,Odilia,Losel,Books,olosel87@ihg.com
,Rachelle,Hofler,Movies,rhofler88@bluehost.com
,Mehetabel,Penhale,Clothing,mpenhale89@tripod.com
,Gilli,Sibthorp,Movies,gsibthorp8a@scribd.com
,Hubert,Ead,Home,head8b@disqus.com
,Dilly,Strangman,Books,dstrangman8c@ezinearticles.com
,Rozelle,Pampling,Movies,rpampling8d@1und1.de
,Clemmy,Goodricke,Music,cgoodricke8e@php.net
,Lewie,Condict,Automotive,lcondict8f@japanpost.jp
,Terrill,Hucquart,Books,thucquart8g@pagesperso-orange.fr
,Jeromy,Peak,Games,jpeak8h@networkadvertising.org
,Tiebold,Jaulme,Kids,tjaulme8i@mozilla.com
,Gabriel,Nazareth,Books,gnazareth8j@tinypic.com
,Gale,Colcutt,Garden,gcolcutt8k@ameblo.jp
,Daryn,Challin,Outdoors,dchallin8l@scientificamerican.com
,Sharron,Robardley,Games,srobardley8m@tripod.com
,Emmye,Faldo,Clothing,efaldo8n@dedecms.com
,Stearne,Osbiston,Grocery,sosbiston8o@timesonline.co.uk
,Norbie,Livens,Music,nlivens8p@furl.net
,Vito,Dives,Outdoors,vdives8q@usgs.gov
,Gasparo,Doggrell,Garden,gdoggrell8r@oakley.com
,Edyth,Leggis,Electronics,eleggis8s@de.vu
,Stace,Pedlar,Outdoors,spedlar8t@de.vu
,Obed,Butte,Beauty,obutte8u@ask.com
,Aldin,Abramsky,Outdoors,aabramsky8v@jalbum.net
,Elvira,Arpe,Baby,earpe8w@google.es
,Wilmer,Calveley,Baby,wcalveley8x@digg.com
,Rona,Cicetti,Health,rcicetti8y@ed.gov
,Ashleigh,Meeland,Industrial,ameeland8z@zimbio.com
,Terrill,Salomon,Books,tsalomon90@cbsnews.com
,Barbabas,Ovenden,Electronics,bovenden91@weather.com
,Sigmund,Butler,Beauty,sbutler92@google.co.uk
,Avram,Spring,Electronics,aspring93@nationalgeographic.com
,Sander,Matten,Books,smatten94@google.com.hk
,Nils,MacKnight,Games,nmacknight95@apache.org
,Jammal,Dicte,Toys,jdicte96@salon.com
,Park,Severwright,Beauty,pseverwright97@shinystat.com
,Hollis,Woolley,Electronics,hwoolley98@constantcontact.com
,Indira,Rangell,Toys,irangell99@paginegialle.it
,Donavon,Dainton,Automotive,ddainton9a@upenn.edu
,Hugues,Tessyman,Kids,htessyman9b@hhs.gov
,Amity,Graveston,Tools,agraveston9c@ifeng.com
,Barby,Doget,Grocery,bdoget9d@smugmug.com
,Jack,Bewlay,Outdoors,jbewlay9e@seesaa.net
,Darlene,Connerly,Tools,dconnerly9f@ihg.com
,Arvy,Cattermole,Books,acattermole9g@bloomberg.com
,Mignon,Doswell,Movies,mdoswell9h@bloglines.com
,Dene,Whatley,Garden,dwhatley9i@springer.com
,Ellie,Macourek,Baby,emacourek9j@tuttocitta.it
,Fionna,Lawie,Industrial,flawie9k@nytimes.com
,Mychal,Staves,Clothing,mstaves9l@privacy.gov.au
,Florenza,Slyvester,Books,fslyvester9m@msn.com
,Leeland,Navein,Computers,lnavein9n@amazonaws.com
,Roarke,Leathe,Health,rleathe9o@unblog.fr
,Gayler,Hardwich,Automotive,ghardwich9p@amazon.de
,Jonell,Roswarn,Home,jroswarn9q@cam.ac.uk
,Georgine,Gristock,Clothing,ggristock9r@quantcast.com
,Roseline,Frunks,Automotive,rfrunks9s@nba.com
,Bessie,Godfray,Sports,bgodfray9t@cnet.com
,Ranee,Stathor,Baby,rstathor9u@webnode.com
,Madelin,Mengue,Toys,mmengue9v@biglobe.ne.jp
,Davin,Dealtry,Automotive,ddealtry9w@list-manage.com
,Pierette,Coldicott,Clothing,pcoldicott9x@msu.edu
,Mark,Geeve,Kids,mgeeve9y@furl.net
,Lorrie,Physick,Home,lphysick9z@nba.com
,Aubree,McLeoid,Kids,amcleoida0@google.co.jp
,Marena,Mousley,Electronics,mmousleya1@google.ru
,Mord,Eastcott,Sports,meastcotta2@patch.com
,Charity,Paraman,Automotive,cparamana3@mac.com
,Jaymie,Danelutti,Baby,jdaneluttia4@ezinearticles.com
,Elia,Parmer,Home,eparmera5@jigsy.com
,Gray,Porte,Outdoors,gportea6@yahoo.co.jp
,Susette,Bausmann,Clothing,sbausmanna7@taobao.com
,Dwight,Ceney,Beauty,dceneya8@usda.gov
,Morse,Loiterton,Kids,mloitertona9@a8.net
,Shanan,Doore,Computers,sdooreaa@census.gov
,Sandie,Mablestone,Tools,smablestoneab@arizona.edu
,Bren,Hook,Grocery,bhookac@google.co.jp
,Sybille,Buckland,Electronics,sbucklandad@nymag.com
,Zachariah,Crudge,Grocery,zcrudgeae@topsy.com
,Adolphe,Heffy,Computers,aheffyaf@tinyurl.com
,Yance,Windas,Music,ywindasag@dmoz.org
,Patric,Norridge,Beauty,pnorridgeah@tripadvisor.com
,Ransell,O'Dee,Outdoors,rodeeai@google.it
,Chaunce,Cribbott,Movies,ccribbottaj@eepurl.com
,Modesty,Hantusch,Garden,mhantuschak@cafepress.com
,Barbabra,Bernini,Health,bberninial@liveinternet.ru
,Mercy,Desaur,Kids,mdesauram@vistaprint.com
,Gabriel,Stirton,Outdoors,gstirtonan@wix.com
,Kane,Greenin,Home,kgreeninao@pinterest.com
,Lydie,Buncom,Games,lbuncomap@zimbio.com
,Tremayne,Brunger,Sports,tbrungeraq@nps.gov
,Nestor,De Miranda,Computers,ndemirandaar@google.com
,Morlee,MacClinton,Computers,mmacclintonas@aboutads.info
,Morgen,Sirman,Music,msirmanat@amazon.com
,Cristie,Haughin,Shoes,chaughinau@homestead.com
,Ransom,Poundsford,Industrial,rpoundsfordav@answers.com
,Reynold,Pavy,Tools,rpavyaw@un.org
,West,Ortmann,Outdoors,wortmannax@dedecms.com
,Ryley,Malenfant,Clothing,rmalenfantay@amazon.com
,Gavra,Jarrard,Beauty,gjarrardaz@pbs.org
,Stevana,McQuorkel,Movies,smcquorkelb0@list-manage.com
,Niccolo,Reeve,Games,nreeveb1@cbsnews.com
,Layla,Hayball,Industrial,lhayballb2@homestead.com
,Leonelle,Wickmann,Books,lwickmannb3@pbs.org
,Lianne,Purnell,Home,lpurnellb4@alibaba.com
,Sherill,Boughton,Games,sboughtonb5@wikispaces.com
,Shelby,Astill,Home,sastillb6@dailymail.co.uk
,Corbet,Abells,Clothing,cabellsb7@zdnet.com
,Garland,Pethrick,Sports,gpethrickb8@php.net
,Brody,Keeves,Shoes,bkeevesb9@cisco.com
,Amos,Hammor,Health,ahammorba@skype.com
,Dorelia,Connue,Outdoors,dconnuebb@cafepress.com
,Robers,Thwaite,Baby,rthwaitebc@buzzfeed.com
,Simmonds,Dayborne,Electronics,sdaybornebd@soundcloud.com
,Burgess,Grioli,Toys,bgriolibe@slate.com
,Emlynn,Stenning,Sports,estenningbf@virginia.edu
,Stevie,Fortye,Computers,sfortyebg@marriott.com
,Alphonso,Tuttiett,Movies,atuttiettbh@upenn.edu
,Amitie,Dimsdale,Toys,adimsdalebi@biglobe.ne.jp
,Eloise,Quilter,Kids,equilterbj@cornell.edu
,Brooke,Knill,Kids,bknillbk@answers.com
,Marina,Cory,Games,mcorybl@behance.net
,Isidore,Ledrun,Electronics,iledrunbm@nbcnews.com
,Oralee,Hastings,Industrial,ohastingsbn@yahoo.com
,Clo,Copper,Electronics,ccopperbo@sbwire.com
,Zelda,Whipple,Outdoors,zwhipplebp@com.com
,Norris,Saiger,Movies,nsaigerbq@stanford.edu
,Hermie,Smitham,Toys,hsmithambr@mlb.com
,Lyman,Dumphreys,Home,ldumphreysbs@nytimes.com
,Phebe,McIlwrick,Garden,pmcilwrickbt@weebly.com
,Kahaleel,Renyard,Music,krenyardbu@paginegialle.it
,Bart,Sydry,Electronics,bsydrybv@wix.com
,May,Kunisch,Home,mkunischbw@angelfire.com
,Beverie,Grouer,Automotive,bgrouerbx@ted.com
,Caty,Goard,Tools,cgoardby@sfgate.com
,Minnaminnie,Eger,Toys,megerbz@uol.com.br
,Deina,Penson,Toys,dpensonc0@state.tx.us
,Catha,Huygen,Baby,chuygenc1@irs.gov
,Brooke,Oulet,Jewelery,bouletc2@squarespace.com
,Vonni,Trussman,Shoes,vtrussmanc3@xrea.com
,Moses,Biskupski,Kids,mbiskupskic4@wikispaces.com
,Morley,Eakins,Movies,meakinsc5@tinyurl.com
,Stacee,Mushett,Grocery,smushettc6@4shared.com
,Floris,Valde,Beauty,fvaldec7@berkeley.edu
,Claudine,Narraway,Music,cnarrawayc8@google.ca
,Tine,Dudny,Grocery,tdudnyc9@cnn.com
,Esma,Klamp,Games,eklampca@harvard.edu
,Shelli,Blencowe,Games,sblencowecb@nytimes.com
,Dona,Sudddard,Beauty,dsudddardcc@un.org
,Dietrich,Salmond,Music,dsalmondcd@blogtalkradio.com
,Adamo,Dymock,Automotive,adymockce@flickr.com
,Flossy,Tighe,Games,ftighecf@cisco.com
,Beth,Beswetherick,Electronics,bbeswetherickcg@cloudflare.com
,Westley,Lightbowne,Tools,wlightbownech@simplemachines.org
,Burton,Setterthwait,Outdoors,bsetterthwaitci@mozilla.org
,Arley,Goosnell,Games,agoosnellcj@stumbleupon.com
,Kaine,Zorn,Home,kzornck@yelp.com
,Annette,Drewell,Movies,adrewellcl@angelfire.com
,Barry,Ellerey,Clothing,bellereycm@google.pl
,Sunshine,McGrady,Computers,smcgradycn@buzzfeed.com
,Clemens,Buncombe,Electronics,cbuncombeco@hexun.com
,Cassandra,Jindracek,Outdoors,cjindracekcp@sohu.com
,Rafael,Coorington,Garden,rcooringtoncq@disqus.com
,Nadiya,Mollen,Music,nmollencr@hud.gov
,Kristy,Shelmardine,Sports,kshelmardinecs@yandex.ru
,Cyndi,Mannooch,Toys,cmannoochct@cdc.gov
,Margaretha,Molan,Beauty,mmolancu@dagondesign.com
,Yoshiko,Tremblett,Tools,ytremblettcv@patch.com
,Susie,Searchfield,Sports,ssearchfieldcw@ucsd.edu
,Rock,Echallie,Games,rechalliecx@paypal.com
,Eldridge,Bellringer,Games,ebellringercy@tuttocitta.it
,Addy,O'Day,Jewelery,aodaycz@naver.com
,Weidar,Gee,Music,wgeed0@goo.gl
,Celinda,Hamelyn,Beauty,chamelynd1@chicagotribune.com
,Della,Booker,Movies,dbookerd2@intel.com
,Reider,Sergant,Automotive,rsergantd3@nydailynews.com
,North,Shakesby,Jewelery,nshakesbyd4@issuu.com
,Delmor,Mathison,Beauty,dmathisond5@ebay.com
,Kristen,Heavy,Baby,kheavyd6@hatena.ne.jp
,Paule,Clack,Baby,pclackd7@smh.com.au
,Morris,Churchyard,Sports,mchurchyardd8@bbc.co.uk
,Jerrome,Mix,Computers,jmixd9@blogger.com
,Shea,McFadzean,Tools,smcfadzeanda@webeden.co.uk
,Clement,Wehner,Tools,cwehnerdb@theglobeandmail.com
,Marylin,Lindholm,Jewelery,mlindholmdc@discuz.net
,Heida,Kordova,Tools,hkordovadd@vimeo.com
,Rivalee,Duchenne,Grocery,rduchennede@posterous.com
,Jo-anne,MacKimmie,Health,jmackimmiedf@usgs.gov
,Agnesse,Brend,Beauty,abrenddg@ihg.com
,Geordie,Munkley,Computers,gmunkleydh@fastcompany.com
,Josephine,Lindenstrauss,Sports,jlindenstraussdi@miitbeian.gov.cn
,Lorita,Gostage,Outdoors,lgostagedj@yellowpages.com
,Payton,Cargill,Shoes,pcargilldk@boston.com
,Emlynne,Cock,Outdoors,ecockdl@slashdot.org
,Mandie,Waterstone,Computers,mwaterstonedm@ca.gov
,Whitney,Signe,Shoes,wsignedn@weibo.com
,Lars,Dealtry,Sports,ldealtrydo@shop-pro.jp
,Debera,Cullinane,Home,dcullinanedp@usatoday.com
,Myrah,Houndson,Toys,mhoundsondq@google.cn
,Mark,Cairns,Computers,mcairnsdr@wiley.com
,Colleen,Polgreen,Grocery,cpolgreends@ucla.edu
,Cesare,Supple,Tools,csuppledt@xinhuanet.com
,Mitchel,Barradell,Shoes,mbarradelldu@odnoklassniki.ru
,Keefer,Dixon,Toys,kdixondv@surveymonkey.com
,Rozella,Booij,Home,rbooijdw@yale.edu
,Mead,Burns,Health,mburnsdx@uol.com.br
,Brandise,Aird,Automotive,bairddy@comsenz.com
,Oliy,Widocks,Clothing,owidocksdz@shareasale.com
,Lars,Eddison,Baby,leddisone0@bizjournals.com
,Amalle,Brosel,Kids,abrosele1@google.com
,Myrwyn,Bernadon,Automotive,mbernadone2@naver.com
,Abrahan,Howler,Clothing,ahowlere3@google.it
,Gearard,Pexton,Toys,gpextone4@pagesperso-orange.fr
,Fernando,Wheaton,Grocery,fwheatone5@wisc.edu
,Oona,Barlthrop,Automotive,obarlthrope6@squarespace.com
,Maje,Tommis,Grocery,mtommise7@youtube.com
,Claudia,McNeely,Automotive,cmcneelye8@purevolume.com
,Valentijn,Dash,Jewelery,vdashe9@yolasite.com
,Gizela,Mitcheson,Health,gmitchesonea@chron.com
,Dulce,Hearty,Clothing,dheartyeb@sakura.ne.jp
,Madelene,Pender,Outdoors,mpenderec@shop-pro.jp
,Merv,Slany,Computers,mslanyed@illinois.edu
,Chad,Hollyar,Outdoors,chollyaree@nhs.uk
,Dena,Pashbee,Industrial,dpashbeeef@umich.edu
,Nikki,Abotson,Outdoors,nabotsoneg@wikispaces.com
,Breena,Grigg,Books,bgriggeh@qq.com
,Enrico,Stuer,Kids,estuerei@businesswire.com
,Magdaia,Wyleman,Kids,mwylemanej@virginia.edu
,Kingston,Isherwood,Sports,kisherwoodek@omniture.com
,Lyell,Weedon,Grocery,lweedonel@unicef.org
,Marrilee,Buddington,Music,mbuddingtonem@umich.edu
,Lynda,Hellsdon,Toys,lhellsdonen@imgur.com
,Paco,Erbe,Toys,perbeeo@youku.com
,Antoni,Sneddon,Health,asneddonep@t-online.de
,Phedra,Coale,Books,pcoaleeq@tiny.cc
,Blinny,Bichard,Movies,bbicharder@home.pl
,Margeaux,Cobbled,Grocery,mcobbledes@blogspot.com
,Camille,McIan,Books,cmcianet@senate.gov
,Mireille,Poland,Books,mpolandeu@bravesites.com
,Fergus,Burnyeat,Movies,fburnyeatev@prlog.org
,Carma,Duffer,Health,cdufferew@goo.ne.jp
,Mame,Bairstow,Automotive,mbairstowex@shinystat.com
,Christin,Dorn,Music,cdorney@cbc.ca
,Maxy,Downton,Industrial,mdowntonez@netlog.com
,Phip,Dodwell,Tools,pdodwellf0@spotify.com
,Inesita,Twidale,Jewelery,itwidalef1@china.com.cn
,Janey,Gilley,Outdoors,jgilleyf2@jigsy.com
,Ange,Forrington,Computers,aforringtonf3@webs.com
,Ora,Brown,Computers,obrownf4@cornell.edu
,Karney,Maier,Books,kmaierf5@noaa.gov
,Margalit,Cadwaladr,Beauty,mcadwaladrf6@nhs.uk
,Cece,Kleinhaus,Games,ckleinhausf7@bbc.co.uk
,Rafaela,Hedingham,Electronics,rhedinghamf8@nih.gov
,Magdalen,Reicherz,Toys,mreicherzf9@msn.com
,Davide,McGriele,Jewelery,dmcgrielefa@imgur.com
,Casie,Kausche,Kids,ckauschefb@feedburner.com
,Andriana,McGonigle,Grocery,amcgoniglefc@sciencedaily.com
,Desmond,Zorer,Sports,dzorerfd@yahoo.co.jp
,Waylen,Blankau,Sports,wblankaufe@ihg.com
,Inez,McGreil,Health,imcgreilff@squidoo.com
,Ethyl,Poker,Tools,epokerfg@wikia.com
,Wells,Kitching,Music,wkitchingfh@sfgate.com
,Koralle,Barhems,Music,kbarhemsfi@alibaba.com
,Averell,Melarkey,Health,amelarkeyfj@wsj.com
,Roz,Rainger,Shoes,rraingerfk@pbs.org
,Hadrian,Craze,Automotive,hcrazefl@about.me
,Selestina,Botterill,Outdoors,sbotterillfm@csmonitor.com
,Rina,Sutworth,Kids,rsutworthfn@wiley.com
,Allister,Jeratt,Jewelery,ajerattfo@creativecommons.org
,Bibby,Merrisson,Books,bmerrissonfp@ibm.com
,Brook,Jorio,Books,bjoriofq@nba.com
,Ab,Norwood,Movies,anorwoodfr@digg.com
,Tony,Gilliland,Shoes,tgillilandfs@so-net.ne.jp
,Lynnett,Portress,Books,lportressft@themeforest.net
,Stanislaus,Usher,Health,susherfu@discovery.com
,Concettina,Elflain,Automotive,celflainfv@goodreads.com
,Adriana,Wickendon,Industrial,awickendonfw@jimdo.com
,Philomena,Sackes,Tools,psackesfx@dell.com
,Mattheus,Staveley,Home,mstaveleyfy@ovh.net
,Charis,Drews,Jewelery,cdrewsfz@clickbank.net
,Renard,Sorrell,Jewelery,rsorrellg0@live.com
,Nil,Swinney,Tools,nswinneyg1@time.com
,Anna,Boorn,Outdoors,aboorng2@opensource.org
,Emmit,Lunn,Grocery,elunng3@canalblog.com
,Berty,Pugsley,Garden,bpugsleyg4@fastcompany.com
,Royce,Hedman,Automotive,rhedmang5@altervista.org
,Farris,Tutin,Tools,ftuting6@etsy.com
,Corri,Arntzen,Sports,carntzeng7@t-online.de
,Rafaellle,Egglestone,Shoes,regglestoneg8@nih.gov
,Brodie,Lawday,Jewelery,blawdayg9@cdc.gov
,Roman,Colwell,Jewelery,rcolwellga@pagesperso-orange.fr
,Corly,Polini,Games,cpolinigb@github.com
,Katerine,Castello,Tools,kcastellogc@twitter.com
,Ravi,Thicking,Toys,rthickinggd@hugedomains.com
,Delia,Gregoletti,Health,dgregolettige@biglobe.ne.jp
,Gladys,Rimmington,Shoes,grimmingtongf@statcounter.com
,Randy,Peplaw,Movies,rpeplawgg@paypal.com
,Dimitry,Musto,Home,dmustogh@yahoo.com
,Marsh,Delicate,Garden,mdelicategi@meetup.com
,Allan,McGairl,Garden,amcgairlgj@xinhuanet.com
,Gena,MacLennan,Toys,gmaclennangk@pen.io
,Muffin,Chesnay,Clothing,mchesnaygl@hibu.com
,Indira,Menco,Music,imencogm@comcast.net
,Vinita,Slewcock,Jewelery,vslewcockgn@posterous.com
,Cyrille,Wellum,Tools,cwellumgo@blogspot.com
,Jimmy,Kaesmakers,Sports,jkaesmakersgp@senate.gov
,Becky,Fairrie,Shoes,bfairriegq@rediff.com
,Lynnet,Veque,Music,lvequegr@hp.com
,Thebault,Kerby,Music,tkerbygs@skype.com
,Damiano,Filchagin,Clothing,dfilchagingt@unicef.org
,Leanora,Hryniewicz,Jewelery,lhryniewiczgu@columbia.edu
,Chaddy,Neary,Grocery,cnearygv@bloomberg.com
,Matilde,Dudill,Movies,mdudillgw@drupal.org
,Sheri,Flooks,Shoes,sflooksgx@e-recht24.de
,Latia,Gartland,Toys,lgartlandgy@theguardian.com
,Joel,Veall,Outdoors,jveallgz@cyberchimps.com
,Elnora,Salaman,Grocery,esalamanh0@nationalgeographic.com
,Stephie,Lots,Jewelery,slotsh1@wsj.com
,Ode,Alonso,Books,oalonsoh2@t-online.de
,Garrott,Fuzzard,Outdoors,gfuzzardh3@deviantart.com
,Marena,Traske,Books,mtraskeh4@dell.com
,Stefa,Ropking,Health,sropkingh5@discovery.com
,Vaughn,Karpenko,Shoes,vkarpenkoh6@google.com
,Murdock,Brightman,Books,mbrightmanh7@ustream.tv
,Pierce,Rawet,Baby,praweth8@oaic.gov.au
,Winslow,Lacroix,Kids,wlacroixh9@ning.com
,Codie,Tarbatt,Computers,ctarbattha@imageshack.us
,Deedee,Carless,Jewelery,dcarlesshb@studiopress.com
,Betta,Rye,Kids,bryehc@prlog.org
,Burke,Deam,Books,bdeamhd@ca.gov
,Kennan,Duesbury,Electronics,kduesburyhe@php.net
,Meridith,Gerhold,Health,mgerholdhf@ycombinator.com
,Antonius,Ulrik,Health,aulrikhg@mac.com
,Damaris,Haskell,Games,dhaskellhh@mac.com
,Matthiew,Novkovic,Garden,mnovkovichi@clickbank.net
,Elayne,Smedmore,Jewelery,esmedmorehj@wunderground.com
,Aggie,Willoughley,Automotive,awilloughleyhk@xrea.com
,Rupert,Ciubutaro,Grocery,rciubutarohl@oakley.com
,Vonny,Paffitt,Games,vpaffitthm@people.com.cn
,Christophe,Lowen,Health,clowenhn@auda.org.au
,Cymbre,Brimblecomb,Beauty,cbrimblecombho@netscape.com
,Alonso,Drake,Books,adrakehp@businessweek.com
,Dulce,Kacheler,Toys,dkachelerhq@studiopress.com
,Dino,Ouchterlony,Shoes,douchterlonyhr@comcast.net
,Justinian,Babonau,Clothing,jbabonauhs@typepad.com
,Antonietta,Adey,Outdoors,aadeyht@phpbb.com
,Brander,Hornung,Industrial,bhornunghu@arizona.edu
,Dell,O'Rodane,Shoes,dorodanehv@yelp.com
,Jackie,Ivanchov,Electronics,jivanchovhw@theglobeandmail.com
,Chelsea,Livick,Movies,clivickhx@addthis.com
,Felisha,MacCarter,Clothing,fmaccarterhy@utexas.edu
,Chevalier,Newvill,Health,cnewvillhz@ucsd.edu
,Dosi,Bolsover,Music,dbolsoveri0@pen.io
,Lizabeth,Bernuzzi,Shoes,lbernuzzii1@nbcnews.com
,Myrwyn,Picot,Outdoors,mpicoti2@elegantthemes.com
,Winny,Endacott,Shoes,wendacotti3@unesco.org
,Gates,Winsley,Toys,gwinsleyi4@alexa.com
,Isiahi,Dankersley,Health,idankersleyi5@mozilla.com
,Erhart,Druhan,Kids,edruhani6@facebook.com
,Alden,Sasser,Tools,asasseri7@wp.com
,Clara,Callington,Baby,ccallingtoni8@wunderground.com
,Fancy,Abilowitz,Kids,fabilowitzi9@pcworld.com
,Aubrie,Creboe,Tools,acreboeia@google.co.uk
,Hedwiga,Fechnie,Kids,hfechnieib@independent.co.uk
,Emlen,Whetton,Sports,ewhettonic@mozilla.org
,Micky,Pendreigh,Games,mpendreighid@macromedia.com
,Giovanna,Giorgiutti,Toys,ggiorgiuttiie@apple.com
,Farrah,Croal,Jewelery,fcroalif@zdnet.com
,Franklin,Jachimiak,Industrial,fjachimiakig@is.gd
,Darrick,Matyugin,Grocery,dmatyuginih@bloglines.com
,Corinna,Greenalf,Sports,cgreenalfii@bloglines.com
,Netti,Dorsett,Games,ndorsettij@ocn.ne.jp
,Stanley,Dymond,Beauty,sdymondik@4shared.com
,Renaud,McGougan,Shoes,rmcgouganil@army.mil
,Cyrillus,Sebastian,Computers,csebastianim@tripadvisor.com
,Kahlil,Meth,Electronics,kmethin@go.com
,Christye,Such,Automotive,csuchio@kickstarter.com
,Alisha,Goulthorp,Outdoors,agoulthorpip@hugedomains.com
,Gerri,Jagger,Industrial,gjaggeriq@over-blog.com
,Guinevere,Dunstone,Music,gdunstoneir@mozilla.org
,Frederik,Karpenko,Books,fkarpenkois@csmonitor.com
,Jerry,Maso,Games,jmasoit@shop-pro.jp
,Shirley,Grelka,Jewelery,sgrelkaiu@youtube.com
,Justus,Locke,Outdoors,jlockeiv@tumblr.com
,Novelia,Errichelli,Games,nerrichelliiw@github.io
,Margery,Balam,Shoes,mbalamix@biblegateway.com
,Gay,Milbourn,Books,gmilbourniy@blogspot.com
,Byrann,Webling,Shoes,bweblingiz@wisc.edu
,Paton,Assiter,Industrial,passiterj0@tmall.com
,Cathi,Stellman,Health,cstellmanj1@wired.com
,Kinny,Romanet,Games,kromanetj2@tinyurl.com
,Nelli,Enric,Toys,nenricj3@ezinearticles.com
,Lorne,Twiddell,Baby,ltwiddellj4@google.ca
,Dodie,Trowell,Garden,dtrowellj5@hud.gov
,Eleonora,Beall,Shoes,ebeallj6@imdb.com
,Amelita,Wrassell,Shoes,awrassellj7@cbslocal.com
,Obidiah,Boylan,Health,oboylanj8@123-reg.co.uk
,Hendrik,McBean,Electronics,hmcbeanj9@webnode.com
,Annalee,Alliott,Sports,aalliottja@guardian.co.uk
,Timmie,Dibdin,Outdoors,tdibdinjb@ow.ly
,Abdul,Gantzman,Books,agantzmanjc@multiply.com
,Marta,Urion,Games,murionjd@dailymail.co.uk
,Liam,Missenden,Music,lmissendenje@discuz.net
,Elsy,Jolley,Grocery,ejolleyjf@nature.com
,Rhett,Ciccarelli,Jewelery,rciccarellijg@stumbleupon.com
,Rosabel,Feldberger,Computers,rfeldbergerjh@bbb.org
,Thomasine,Sunners,Outdoors,tsunnersji@bluehost.com
,Lyssa,Gwynne,Jewelery,lgwynnejj@dyndns.org
,Darn,Gounet,Jewelery,dgounetjk@cocolog-nifty.com
,Kalvin,Mangenet,Kids,kmangenetjl@baidu.com
,Rip,Keith,Books,rkeithjm@youtu.be
,Zara,Stannas,Industrial,zstannasjn@mozilla.org
,Aurilia,Chiene,Movies,achienejo@ucsd.edu
,Almire,Boch,Jewelery,abochjp@wikispaces.com
,Lizzy,Maddy,Baby,lmaddyjq@fda.gov
,Damien,Brooks,Electronics,dbrooksjr@reverbnation.com
,Chantal,Arblaster,Home,carblasterjs@cornell.edu
,Sonia,Ponting,Music,spontingjt@so-net.ne.jp
,Skip,Mapholm,Industrial,smapholmju@phpbb.com
,Modesta,Evetts,Electronics,mevettsjv@theatlantic.com
,Margareta,Jakaway,Kids,mjakawayjw@diigo.com
,Wandie,Blance,Clothing,wblancejx@ucsd.edu
,Joy,Deetlof,Health,jdeetlofjy@mapy.cz
,Flinn,Toupe,Movies,ftoupejz@privacy.gov.au
,Irita,Simeoni,Outdoors,isimeonik0@taobao.com
,Hatty,Harkin,Movies,hharkink1@squarespace.com
,Dimitry,Muggeridge,Electronics,dmuggeridgek2@businessinsider.com
,Dun,Ipplett,Jewelery,dipplettk3@hostgator.com
,Birgit,Clacson,Garden,bclacsonk4@chicagotribune.com
,Doralia,Klosges,Clothing,dklosgesk5@taobao.com
,Jobina,Padillo,Baby,jpadillok6@nyu.edu
,Tricia,Kiellor,Movies,tkiellork7@odnoklassniki.ru
,Emmalynn,Tocqueville,Shoes,etocquevillek8@alibaba.com
,Torrin,Devaney,Industrial,tdevaneyk9@gizmodo.com
,Grantley,Looby,Clothing,gloobyka@csmonitor.com
,Alisander,Orrin,Industrial,aorrinkb@godaddy.com
,Tobias,Bausmann,Clothing,tbausmannkc@cam.ac.uk
,Pris,Sinclar,Music,psinclarkd@taobao.com
,Lorraine,Dalgarnowch,Outdoors,ldalgarnowchke@mtv.com
,Talia,Yon,Music,tyonkf@wordpress.com
,Maxwell,Hussey,Electronics,mhusseykg@hao123.com
,Ettie,Troppmann,Books,etroppmannkh@pagesperso-orange.fr
,Sunny,Rumens,Books,srumenski@vkontakte.ru
,Brigham,Wedlock,Clothing,bwedlockkj@bravesites.com
,Melinda,Quirke,Jewelery,mquirkekk@eventbrite.com
,Trixie,Forshaw,Home,tforshawkl@icq.com
,Caye,Livingston,Electronics,clivingstonkm@dion.ne.jp
,Jerry,Riddiough,Baby,jriddioughkn@over-blog.com
,Shalne,Isson,Sports,sissonko@goodreads.com
,Aeriel,Georgeson,Clothing,ageorgesonkp@networksolutions.com
,Halsy,Dutton,Tools,hduttonkq@bloomberg.com
,Freedman,Leppo,Electronics,fleppokr@livejournal.com
,Janetta,Baylie,Sports,jbaylieks@disqus.com
,Edee,Antognelli,Baby,eantognellikt@shareasale.com
,Jasen,Siebert,Computers,jsiebertku@wisc.edu
,Pall,Bartleet,Beauty,pbartleetkv@yandex.ru
,Ruby,Balaisot,Games,rbalaisotkw@google.pl
,Marj,Childerley,Health,mchilderleykx@pen.io
,Aimee,Towne,Jewelery,atowneky@google.cn
,Finlay,Lubman,Automotive,flubmankz@vimeo.com
,Diena,Brave,Garden,dbravel0@mayoclinic.com
,Nate,Cotter,Toys,ncotterl1@dyndns.org
,Kaylyn,Margiotta,Toys,kmargiottal2@java.com
,Guillemette,Kalinowsky,Health,gkalinowskyl3@edublogs.org
,Gibbie,Simper,Baby,gsimperl4@youtube.com
,Reid,Matthius,Movies,rmatthiusl5@barnesandnoble.com
,Alphonse,Arthars,Clothing,aartharsl6@techcrunch.com
,Zulema,Abdey,Computers,zabdeyl7@uiuc.edu
,Ardeen,Peepall,Outdoors,apeepalll8@who.int
,Lind,Philott,Automotive,lphilottl9@mit.edu
,Phillipp,Pfiffer,Baby,ppfifferla@is.gd
,Rozelle,Chelam,Toys,rchelamlb@army.mil
,Moreen,Soro,Home,msorolc@shutterfly.com
,Hersh,Longo,Movies,hlongold@wufoo.com
,Josefina,Getley,Beauty,jgetleyle@arizona.edu
,Otha,Terrill,Books,oterrilllf@salon.com
,Corette,Franschini,Jewelery,cfranschinilg@alexa.com
,Leland,Hryncewicz,Computers,lhryncewiczlh@scientificamerican.com
,Freda,Linnock,Kids,flinnockli@flickr.com
,Marcel,Frankcomb,Jewelery,mfrankcomblj@1und1.de
,Clio,Laurentino,Home,claurentinolk@squidoo.com
,Dominik,Caskey,Games,dcaskeyll@salon.com
,Cort,Slatten,Electronics,cslattenlm@pbs.org
,Mathias,Weafer,Grocery,mweaferln@ucoz.com
,Catherina,Pirelli,Kids,cpirellilo@rambler.ru
,Anatol,Venus,Clothing,avenuslp@state.gov
,Ursola,Muzzillo,Toys,umuzzillolq@typepad.com
,Isidor,Devall,Grocery,idevalllr@taobao.com
,Avictor,Minerdo,Music,aminerdols@bbc.co.uk
,Pippo,Liebrecht,Automotive,pliebrechtlt@wsj.com
,Audrie,Pitkethly,Jewelery,apitkethlylu@ca.gov
,Ashli,Phizakarley,Music,aphizakarleylv@themeforest.net
,Kassia,Bothen,Health,kbothenlw@samsung.com
,Lori,Prosser,Clothing,lprosserlx@ibm.com
,Carmelita,Banton,Games,cbantonly@jiathis.com
,Joscelin,Twinn,Jewelery,jtwinnlz@omniture.com
,Sidonnie,Tawn,Tools,stawnm0@vinaora.com
,Milty,Pepin,Games,mpepinm1@intel.com
,Marlow,Hovard,Jewelery,mhovardm2@devhub.com
,Ronald,Yelden,Toys,ryeldenm3@google.com.hk
,Karine,Catherall,Home,kcatherallm4@domainmarket.com
,Glenn,Balke,Computers,gbalkem5@indiatimes.com
,Vinnie,Bullene,Kids,vbullenem6@youku.com
,Jacklyn,Choulerton,Toys,jchoulertonm7@economist.com
,Hazlett,Todaro,Jewelery,htodarom8@hao123.com
,Nichole,Huniwall,Computers,nhuniwallm9@etsy.com
,Lefty,Harbord,Automotive,lharbordma@mail.ru
,Fionnula,Freund,Sports,ffreundmb@scientificamerican.com
,Herve,Pimerick,Movies,hpimerickmc@telegraph.co.uk
,Rici,Graeser,Tools,rgraesermd@ovh.net
,Ethelyn,Trundle,Jewelery,etrundleme@fastcompany.com
,Leta,Adney,Music,ladneymf@goodreads.com
,Sandro,Le Sieur,Grocery,slesieurmg@craigslist.org
,Martie,Boyson,Beauty,mboysonmh@twitpic.com
,Chane,Gratrex,Computers,cgratrexmi@infoseek.co.jp
,Christiane,Allridge,Books,callridgemj@freewebs.com
,Melania,Guillou,Industrial,mguilloumk@tinyurl.com
,Waiter,Rimington,Kids,wrimingtonml@imgur.com
,Francesca,Toffts,Electronics,ftofftsmm@webs.com
,Sumner,Scoffham,Electronics,sscoffhammn@stanford.edu
,Duke,Awde,Health,dawdemo@issuu.com
,Pen,Rossbrooke,Computers,prossbrookemp@so-net.ne.jp
,Shermie,Halbeard,Kids,shalbeardmq@bloglines.com
,Ludwig,Stiger,Toys,lstigermr@spotify.com
,Yvonne,Cleife,Baby,ycleifems@yahoo.com
,Waneta,Lghan,Clothing,wlghanmt@usda.gov
,Gaston,Holehouse,Baby,gholehousemu@nymag.com
,Edithe,Buddle,Books,ebuddlemv@exblog.jp
,Kellsie,Steel,Kids,ksteelmw@clickbank.net
,Beatrisa,Keeton,Shoes,bkeetonmx@prlog.org
,Ty,Lavell,Electronics,tlavellmy@cbslocal.com
,Petra,Clowley,Clothing,pclowleymz@jiathis.com
,Raven,Mothersdale,Movies,rmothersdalen0@dagondesign.com
,Pru,Birrane,Garden,pbirranen1@themeforest.net
,Lacy,Bloy,Sports,lbloyn2@geocities.jp
,Matthus,Grimsdyke,Automotive,mgrimsdyken3@discuz.net
,Gillie,Writer,Toys,gwritern4@gov.uk
,Yul,Ouldred,Garden,youldredn5@macromedia.com
,Odelle,Ebbles,Tools,oebblesn6@pinterest.com
,Adelle,Leney,Beauty,aleneyn7@odnoklassniki.ru
,Lynne,Newstead,Shoes,lnewsteadn8@discovery.com
,Dael,Brobyn,Outdoors,dbrobynn9@artisteer.com
,Libby,Hampshaw,Tools,lhampshawna@comsenz.com
,Revkah,Rodolphe,Movies,rrodolphenb@cam.ac.uk
,Ofelia,Carbery,Industrial,ocarberync@baidu.com
,Haskel,Littlefair,Games,hlittlefairnd@admin.ch
,Hermia,Deignan,Jewelery,hdeignanne@archive.org
,Sherill,Franchi,Music,sfranchinf@ning.com
,Morgen,Keitch,Beauty,mkeitchng@wordpress.org
,Nessy,Morrallee,Automotive,nmorralleenh@bloglovin.com
,Nata,Flucks,Grocery,nflucksni@house.gov
,Erie,Cordero,Sports,ecorderonj@harvard.edu
,Herby,Da Costa,Kids,hdacostank@tumblr.com
,Fulvia,Benne,Electronics,fbennenl@wufoo.com
,Reagen,Mikalski,Shoes,rmikalskinm@bbc.co.uk
,Maurene,Faichnie,Grocery,mfaichnienn@tumblr.com
,Melissa,Willoway,Industrial,mwillowayno@businesswire.com
,Dana,Larkin,Toys,dlarkinnp@google.com.br
,Wyatan,Awin,Sports,wawinnq@hhs.gov
,Lucky,Benian,Computers,lbeniannr@statcounter.com
,Carlyle,Ivanchov,Health,civanchovns@omniture.com
,Zsazsa,Croisier,Toys,zcroisiernt@zimbio.com
,Oralie,Krout,Grocery,okroutnu@arstechnica.com
,Garvy,Osbaldstone,Tools,gosbaldstonenv@webs.com
,Meryl,Burkett,Grocery,mburkettnw@goo.gl
,Harmonia,Dockery,Kids,hdockerynx@facebook.com
,Klara,Mew,Automotive,kmewny@google.fr
,Jenica,Seldner,Kids,jseldnernz@is.gd
,Nicky,Runchman,Jewelery,nrunchmano0@dell.com
,Ulrica,Crepel,Computers,ucrepelo1@home.pl
,Delores,Bunford,Outdoors,dbunfordo2@cloudflare.com
,Bernardina,Verring,Automotive,bverringo3@walmart.com
,Artemas,Windebank,Toys,awindebanko4@amazon.de
,Paolina,Overington,Movies,poveringtono5@live.com
,Ashely,Retallick,Beauty,aretallicko6@wp.com
,Juditha,Sandford,Movies,jsandfordo7@arstechnica.com
,Mame,Bravey,Beauty,mbraveyo8@arizona.edu
,Matteo,Berridge,Health,mberridgeo9@scientificamerican.com
,Terry,Rimour,Books,trimouroa@netscape.com
,Ernie,Andreazzi,Shoes,eandreazziob@mozilla.com
,Aloysius,Greenhaugh,Music,agreenhaughoc@jalbum.net
,Joann,Bowden,Jewelery,jbowdenod@webeden.co.uk
,Niels,Soughton,Home,nsoughtonoe@mozilla.com
,Tabb,MacKill,Outdoors,tmackillof@cargocollective.com
,Wilbur,Gosenell,Computers,wgosenellog@acquirethisname.com
,Derry,Fidian,Baby,dfidianoh@ucoz.com
,Aurelia,Bendall,Outdoors,abendalloi@microsoft.com
,Baillie,Sackur,Computers,bsackuroj@flavors.me
,Ferrel,Craddy,Grocery,fcraddyok@columbia.edu
,Carmelita,Rymer,Games,crymerol@archive.org
,Cole,Grogono,Electronics,cgrogonoom@vk.com
,Etan,Bossingham,Grocery,ebossinghamon@mail.ru
,Hector,Udale,Kids,hudaleoo@ustream.tv
,Abbe,Axup,Electronics,aaxupop@usgs.gov
,Olvan,Vost,Health,ovostoq@blogger.com
,Willi,Pie,Music,wpieor@friendfeed.com
,Brita,Rottcher,Home,brottcheros@histats.com
,Randal,Pourveer,Grocery,rpourveerot@accuweather.com
,Tommie,Minghetti,Sports,tminghettiou@ovh.net
,Harv,Eite,Books,heiteov@deviantart.com
,Lars,Keers,Electronics,lkeersow@uol.com.br
,Dionysus,Spoor,Games,dspoorox@nbcnews.com
,Ruperta,Bonhan,Sports,rbonhanoy@wp.com
,Fayette,Rickets,Garden,fricketsoz@feedburner.com
,Alvan,Mourant,Electronics,amourantp0@wired.com
,Eliot,Moncrieffe,Toys,emoncrieffep1@nba.com
,Cecilio,Phetteplace,Garden,cphetteplacep2@mozilla.com
,Skipp,Gosling,Outdoors,sgoslingp3@aol.com
,Elva,Millsom,Movies,emillsomp4@cmu.edu
,Liz,Rengger,Games,lrenggerp5@umn.edu
,Christin,Hearmon,Toys,chearmonp6@arstechnica.com
,Bradan,Priel,Kids,bprielp7@mlb.com
,Madelaine,Colbert,Shoes,mcolbertp8@vimeo.com
,Terrell,Rainer,Garden,trainerp9@shutterfly.com
,Sargent,Tomet,Home,stometpa@dyndns.org
,Antonie,Bullier,Baby,abullierpb@hugedomains.com
,Abbey,Stow,Kids,astowpc@symantec.com
,Nicola,Skully,Garden,nskullypd@ibm.com
,Serena,Trousdale,Sports,strousdalepe@livejournal.com
,Tony,Kondratovich,Clothing,tkondratovichpf@google.it
,Rudolfo,Toffetto,Movies,rtoffettopg@cocolog-nifty.com
,Audrie,Davidsson,Games,adavidssonph@behance.net
,Chickie,Fullicks,Music,cfullickspi@photobucket.com
,Addie,Neising,Music,aneisingpj@free.fr
,Tessi,Fassbindler,Clothing,tfassbindlerpk@economist.com
,Orelia,Kettoe,Electronics,okettoepl@chronoengine.com
,Edgar,Varne,Sports,evarnepm@123-reg.co.uk
,Tammy,Cardello,Clothing,tcardellopn@dailymail.co.uk
,Gideon,Novakovic,Movies,gnovakovicpo@auda.org.au
,Shani,Kiddye,Health,skiddyepp@cmu.edu
,Janeta,Keitch,Movies,jkeitchpq@creativecommons.org
,Johnathan,Gerrels,Toys,jgerrelspr@oaic.gov.au
,Dan,Strodder,Games,dstrodderps@sphinn.com
,Craggie,Eisig,Movies,ceisigpt@hud.gov
,Anni,Zohrer,Home,azohrerpu@creativecommons.org
,Sander,Ritchard,Games,sritchardpv@posterous.com
,Cherish,Bauld,Computers,cbauldpw@cnbc.com
,Ludovika,Duddin,Toys,lduddinpx@chron.com
,Althea,Ludovico,Music,aludovicopy@phpbb.com
,Anitra,Jiggens,Computers,ajiggenspz@infoseek.co.jp
,Zaneta,Carah,Jewelery,zcarahq0@yellowbook.com
,Johnette,Wace,Sports,jwaceq1@bbb.org
,Tobias,Arminger,Kids,tarmingerq2@printfriendly.com
,Dante,Biset,Books,dbisetq3@jalbum.net
,Milly,Muzzi,Games,mmuzziq4@newsvine.com
,Gracie,Fawlo,Clothing,gfawloq5@furl.net
,Otha,Moquin,Shoes,omoquinq6@bloomberg.com
,Minor,Dugget,Baby,mduggetq7@i2i.jp
,Dinnie,Tripett,Industrial,dtripettq8@ft.com
,Colas,Egan,Tools,ceganq9@soup.io
,Loretta,Plait,Outdoors,lplaitqa@who.int
,Bab,Gye,Movies,bgyeqb@netlog.com
,Dari,Whatsize,Grocery,dwhatsizeqc@ifeng.com
,Alanna,Bertram,Music,abertramqd@chicagotribune.com
,Sydney,Meconi,Jewelery,smeconiqe@sbwire.com
,Pammi,Gocke,Kids,pgockeqf@shutterfly.com
,Kerrie,Ramsell,Tools,kramsellqg@arizona.edu
,Ellyn,Brumwell,Toys,ebrumwellqh@seesaa.net
,Craggy,Evered,Books,ceveredqi@cbc.ca
,Davida,Summerscales,Electronics,dsummerscalesqj@altervista.org
,Andrej,Carwithim,Jewelery,acarwithimqk@aol.com
,Krystle,Heinke,Health,kheinkeql@jimdo.com
,Dukie,O'Lyhane,Tools,dolyhaneqm@hatena.ne.jp
,Merill,Rankin,Jewelery,mrankinqn@webmd.com
,Cross,Arno,Beauty,carnoqo@umich.edu
,Indira,Silverton,Grocery,isilvertonqp@imdb.com
,Krista,Slimming,Baby,kslimmingqq@aol.com
,Cazzie,Fisby,Clothing,cfisbyqr@wp.com
,Randa,Nesterov,Clothing,rnesterovqs@example.com
,Costanza,Bower,Grocery,cbowerqt@springer.com
,Sidnee,Josofovitz,Home,sjosofovitzqu@dailymotion.com
,Saxe,Chmarny,Sports,schmarnyqv@miitbeian.gov.cn
,Ammamaria,Shevell,Home,ashevellqw@seattletimes.com
,Alleen,Adie,Books,aadieqx@bluehost.com
,Elladine,Novak,Health,enovakqy@msn.com
,Ody,MacElroy,Electronics,omacelroyqz@samsung.com
,Seline,Mateo,Grocery,smateor0@shinystat.com
,Cicely,Brimmacombe,Sports,cbrimmacomber1@upenn.edu
,Lucia,Stanning,Sports,lstanningr2@t-online.de
,Gordon,Gascard,Grocery,ggascardr3@gizmodo.com
,Deeyn,Gartin,Outdoors,dgartinr4@intel.com
,Jackqueline,Cowthard,Health,jcowthardr5@taobao.com
,Julian,Pampling,Garden,jpamplingr6@tmall.com
,Gene,Buddle,Automotive,gbuddler7@usda.gov
,Truman,Schreurs,Baby,tschreursr8@mozilla.org
,Jonis,O'Tierney,Baby,jotierneyr9@webeden.co.uk
,Jed,Ickowics,Grocery,jickowicsra@webmd.com
,Meridith,Titcumb,Shoes,mtitcumbrb@1und1.de
,Gary,Mc Grath,Games,gmcgrathrc@patch.com
,Vicky,Balsdone,Shoes,vbalsdonerd@technorati.com
,Sascha,Javes,Clothing,sjavesre@state.tx.us
,Dionne,Hobbert,Clothing,dhobbertrf@ca.gov
,Nanette,Facchini,Automotive,nfacchinirg@youku.com
,Gordon,Elmhirst,Industrial,gelmhirstrh@eepurl.com
,Harlan,Gianetti,Kids,hgianettiri@buzzfeed.com
,Conway,Joron,Sports,cjoronrj@phpbb.com
,Dieter,Manchett,Beauty,dmanchettrk@prweb.com
,Lizzy,Doidge,Health,ldoidgerl@icq.com
,Karine,Spellman,Grocery,kspellmanrm@xrea.com
,Tallia,Sturzaker,Beauty,tsturzakerrn@mozilla.com
,Ettie,Woodrow,Automotive,ewoodrowro@gov.uk
,Yance,Crowder,Computers,ycrowderrp@tamu.edu
,Desmond,Ridpath,Kids,dridpathrq@bandcamp.com
,Imogen,Gillison,Tools,igillisonrr@ftc.gov
